Period Ending,Region,Initial Claims
07/31/2003,Capital,4326
07/31/2003,Central New York,4366
07/31/2003,Finger Lakes,7095
07/31/2003,Hudson Valley,8454
07/31/2003,Long Island,13575
07/31/2003,Mohawk Valley,3210
07/31/2003,New York City,45703
07/31/2003,North Country,2529
07/31/2003,Southern Tier,3335
07/31/2003,Western New York,11484
08/31/2003,Capital,3605
08/31/2003,Central New York,3602
08/31/2003,Finger Lakes,5539
08/31/2003,Hudson Valley,7029
08/31/2003,Long Island,9594
08/31/2003,Mohawk Valley,2390
08/31/2003,New York City,33817
08/31/2003,North Country,2115
08/31/2003,Southern Tier,2774
08/31/2003,Western New York,8555
09/30/2003,Capital,3805
09/30/2003,Central New York,4187
09/30/2003,Finger Lakes,5465
09/30/2003,Hudson Valley,7245
09/30/2003,Long Island,9742
09/30/2003,Mohawk Valley,2671
09/30/2003,New York City,36819
09/30/2003,North Country,2268
09/30/2003,Southern Tier,3063
09/30/2003,Western New York,8140
10/31/2003,Capital,3835
10/31/2003,Central New York,3882
10/31/2003,Finger Lakes,5732
10/31/2003,Hudson Valley,7101
10/31/2003,Long Island,8993
10/31/2003,Mohawk Valley,2554
10/31/2003,New York City,32244
10/31/2003,North Country,3089
10/31/2003,Southern Tier,3130
10/31/2003,Western New York,8602
11/30/2003,Capital,5214
11/30/2003,Central New York,5123
11/30/2003,Finger Lakes,7715
11/30/2003,Hudson Valley,8385
11/30/2003,Long Island,10589
11/30/2003,Mohawk Valley,3761
11/30/2003,New York City,30294
11/30/2003,North Country,4091
11/30/2003,Southern Tier,4010
11/30/2003,Western New York,12558
12/31/2003,Capital,7192
12/31/2003,Central New York,6618
12/31/2003,Finger Lakes,10578
12/31/2003,Hudson Valley,13071
12/31/2003,Long Island,18625
12/31/2003,Mohawk Valley,5789
12/31/2003,New York City,38635
12/31/2003,North Country,4451
12/31/2003,Southern Tier,5107
12/31/2003,Western New York,15663
01/31/2004,Capital,5988
01/31/2004,Central New York,5816
01/31/2004,Finger Lakes,8644
01/31/2004,Hudson Valley,10593
01/31/2004,Long Island,15566
01/31/2004,Mohawk Valley,3886
01/31/2004,New York City,44418
01/31/2004,North Country,3696
01/31/2004,Southern Tier,4419
01/31/2004,Western New York,12457
02/29/2004,Capital,4910
02/29/2004,Central New York,4191
02/29/2004,Finger Lakes,6565
02/29/2004,Hudson Valley,9090
02/29/2004,Long Island,14254
02/29/2004,Mohawk Valley,3028
02/29/2004,New York City,35978
02/29/2004,North Country,2980
02/29/2004,Southern Tier,2937
02/29/2004,Western New York,9580
03/31/2004,Capital,4195
03/31/2004,Central New York,3935
03/31/2004,Finger Lakes,5778
03/31/2004,Hudson Valley,7338
03/31/2004,Long Island,9578
03/31/2004,Mohawk Valley,2528
03/31/2004,New York City,30900
03/31/2004,North Country,2666
03/31/2004,Southern Tier,2918
03/31/2004,Western New York,9017
04/30/2004,Capital,4266
04/30/2004,Central New York,4335
04/30/2004,Finger Lakes,6175
04/30/2004,Hudson Valley,8330
04/30/2004,Long Island,12791
04/30/2004,Mohawk Valley,2487
04/30/2004,New York City,39768
04/30/2004,North Country,2328
04/30/2004,Southern Tier,2858
04/30/2004,Western New York,10626
05/31/2004,Capital,3530
05/31/2004,Central New York,3988
05/31/2004,Finger Lakes,4623
05/31/2004,Hudson Valley,6013
05/31/2004,Long Island,8452
05/31/2004,Mohawk Valley,2220
05/31/2004,New York City,28793
05/31/2004,North Country,2190
05/31/2004,Southern Tier,2694
05/31/2004,Western New York,7550
06/30/2004,Capital,4108
06/30/2004,Central New York,3875
06/30/2004,Finger Lakes,6286
06/30/2004,Hudson Valley,7837
06/30/2004,Long Island,10679
06/30/2004,Mohawk Valley,2279
06/30/2004,New York City,31303
06/30/2004,North Country,2234
06/30/2004,Southern Tier,2871
06/30/2004,Western New York,9743
07/31/2004,Capital,3794
07/31/2004,Central New York,5945
07/31/2004,Finger Lakes,6009
07/31/2004,Hudson Valley,8490
07/31/2004,Long Island,13007
07/31/2004,Mohawk Valley,2457
07/31/2004,New York City,39843
07/31/2004,North Country,1977
07/31/2004,Southern Tier,2651
07/31/2004,Western New York,9526
08/31/2004,Capital,3532
08/31/2004,Central New York,3171
08/31/2004,Finger Lakes,4808
08/31/2004,Hudson Valley,7887
08/31/2004,Long Island,10586
08/31/2004,Mohawk Valley,2171
08/31/2004,New York City,34188
08/31/2004,North Country,1899
08/31/2004,Southern Tier,2350
08/31/2004,Western New York,7636
09/30/2004,Capital,3190
09/30/2004,Central New York,2850
09/30/2004,Finger Lakes,4652
09/30/2004,Hudson Valley,6693
09/30/2004,Long Island,9180
09/30/2004,Mohawk Valley,1902
09/30/2004,New York City,29046
09/30/2004,North Country,1930
09/30/2004,Southern Tier,2288
09/30/2004,Western New York,6507
10/31/2004,Capital,3974
10/31/2004,Central New York,3722
10/31/2004,Finger Lakes,5441
10/31/2004,Hudson Valley,6377
10/31/2004,Long Island,9151
10/31/2004,Mohawk Valley,2368
10/31/2004,New York City,29638
10/31/2004,North Country,3296
10/31/2004,Southern Tier,2828
10/31/2004,Western New York,8473
11/30/2004,Capital,5529
11/30/2004,Central New York,5432
11/30/2004,Finger Lakes,8193
11/30/2004,Hudson Valley,8621
11/30/2004,Long Island,10918
11/30/2004,Mohawk Valley,3997
11/30/2004,New York City,29507
11/30/2004,North Country,4035
11/30/2004,Southern Tier,4544
11/30/2004,Western New York,12264
12/31/2004,Capital,5958
12/31/2004,Central New York,5996
12/31/2004,Finger Lakes,8850
12/31/2004,Hudson Valley,9636
12/31/2004,Long Island,13600
12/31/2004,Mohawk Valley,4066
12/31/2004,New York City,30312
12/31/2004,North Country,4039
12/31/2004,Southern Tier,4881
12/31/2004,Western New York,12798
01/31/2005,Capital,7004
01/31/2005,Central New York,6323
01/31/2005,Finger Lakes,9326
01/31/2005,Hudson Valley,12543
01/31/2005,Long Island,19187
01/31/2005,Mohawk Valley,4720
01/31/2005,New York City,46640
01/31/2005,North Country,3953
01/31/2005,Southern Tier,4907
01/31/2005,Western New York,13992
02/28/2005,Capital,4510
02/28/2005,Central New York,3797
02/28/2005,Finger Lakes,5899
02/28/2005,Hudson Valley,7620
02/28/2005,Long Island,12331
02/28/2005,Mohawk Valley,2816
02/28/2005,New York City,30233
02/28/2005,North Country,2467
02/28/2005,Southern Tier,2571
02/28/2005,Western New York,8866
03/31/2005,Capital,4076
03/31/2005,Central New York,3668
03/31/2005,Finger Lakes,6014
03/31/2005,Hudson Valley,7827
03/31/2005,Long Island,10452
03/31/2005,Mohawk Valley,2733
03/31/2005,New York City,28490
03/31/2005,North Country,2381
03/31/2005,Southern Tier,2677
03/31/2005,Western New York,10308
04/30/2005,Capital,3813
04/30/2005,Central New York,3672
04/30/2005,Finger Lakes,5555
04/30/2005,Hudson Valley,6738
04/30/2005,Long Island,8398
04/30/2005,Mohawk Valley,2497
04/30/2005,New York City,27738
04/30/2005,North Country,2217
04/30/2005,Southern Tier,2289
04/30/2005,Western New York,9504
05/31/2005,Capital,3865
05/31/2005,Central New York,3971
05/31/2005,Finger Lakes,5006
05/31/2005,Hudson Valley,7064
05/31/2005,Long Island,12132
05/31/2005,Mohawk Valley,2502
05/31/2005,New York City,36522
05/31/2005,North Country,2080
05/31/2005,Southern Tier,3482
05/31/2005,Western New York,8192
06/30/2005,Capital,3782
06/30/2005,Central New York,3471
06/30/2005,Finger Lakes,5206
06/30/2005,Hudson Valley,6978
06/30/2005,Long Island,9263
06/30/2005,Mohawk Valley,2183
06/30/2005,New York City,28094
06/30/2005,North Country,2017
06/30/2005,Southern Tier,3461
06/30/2005,Western New York,9360
07/31/2005,Capital,3938
07/31/2005,Central New York,3497
07/31/2005,Finger Lakes,5614
07/31/2005,Hudson Valley,8783
07/31/2005,Long Island,13130
07/31/2005,Mohawk Valley,2461
07/31/2005,New York City,37442
07/31/2005,North Country,2042
07/31/2005,Southern Tier,2688
07/31/2005,Western New York,8927
08/31/2005,Capital,3413
08/31/2005,Central New York,3007
08/31/2005,Finger Lakes,4723
08/31/2005,Hudson Valley,7384
08/31/2005,Long Island,10013
08/31/2005,Mohawk Valley,2153
08/31/2005,New York City,32032
08/31/2005,North Country,1703
08/31/2005,Southern Tier,2305
08/31/2005,Western New York,7130
09/30/2005,Capital,3327
09/30/2005,Central New York,2712
09/30/2005,Finger Lakes,4273
09/30/2005,Hudson Valley,6014
09/30/2005,Long Island,7786
09/30/2005,Mohawk Valley,1989
09/30/2005,New York City,25942
09/30/2005,North Country,1714
09/30/2005,Southern Tier,2155
09/30/2005,Western New York,6600
10/31/2005,Capital,4285
10/31/2005,Central New York,4208
10/31/2005,Finger Lakes,5729
10/31/2005,Hudson Valley,7749
10/31/2005,Long Island,10391
10/31/2005,Mohawk Valley,3007
10/31/2005,New York City,30065
10/31/2005,North Country,3261
10/31/2005,Southern Tier,3341
10/31/2005,Western New York,8999
11/30/2005,Capital,5299
11/30/2005,Central New York,5152
11/30/2005,Finger Lakes,7693
11/30/2005,Hudson Valley,8280
11/30/2005,Long Island,10159
11/30/2005,Mohawk Valley,3748
11/30/2005,New York City,26620
11/30/2005,North Country,3763
11/30/2005,Southern Tier,3935
11/30/2005,Western New York,11652
12/31/2005,Capital,5680
12/31/2005,Central New York,5710
12/31/2005,Finger Lakes,7578
12/31/2005,Hudson Valley,8965
12/31/2005,Long Island,11895
12/31/2005,Mohawk Valley,3846
12/31/2005,New York City,27765
12/31/2005,North Country,3652
12/31/2005,Southern Tier,3976
12/31/2005,Western New York,11560
01/31/2006,Capital,6410
01/31/2006,Central New York,5891
01/31/2006,Finger Lakes,8932
01/31/2006,Hudson Valley,11803
01/31/2006,Long Island,17198
01/31/2006,Mohawk Valley,4719
01/31/2006,New York City,42992
01/31/2006,North Country,3784
01/31/2006,Southern Tier,4909
01/31/2006,Western New York,13364
02/28/2006,Capital,4620
02/28/2006,Central New York,3554
02/28/2006,Finger Lakes,5826
02/28/2006,Hudson Valley,7261
02/28/2006,Long Island,12404
02/28/2006,Mohawk Valley,2826
02/28/2006,New York City,28933
02/28/2006,North Country,2302
02/28/2006,Southern Tier,3220
02/28/2006,Western New York,8630
03/31/2006,Capital,3967
03/31/2006,Central New York,3388
03/31/2006,Finger Lakes,5242
03/31/2006,Hudson Valley,6138
03/31/2006,Long Island,7995
03/31/2006,Mohawk Valley,2597
03/31/2006,New York City,26169
03/31/2006,North Country,2451
03/31/2006,Southern Tier,2906
03/31/2006,Western New York,7768
04/30/2006,Capital,4120
04/30/2006,Central New York,3411
04/30/2006,Finger Lakes,5516
04/30/2006,Hudson Valley,8009
04/30/2006,Long Island,11684
04/30/2006,Mohawk Valley,2445
04/30/2006,New York City,36720
04/30/2006,North Country,2275
04/30/2006,Southern Tier,2988
04/30/2006,Western New York,9657
05/31/2006,Capital,3508
05/31/2006,Central New York,3146
05/31/2006,Finger Lakes,4878
05/31/2006,Hudson Valley,6288
05/31/2006,Long Island,8149
05/31/2006,Mohawk Valley,2365
05/31/2006,New York City,27625
05/31/2006,North Country,2009
05/31/2006,Southern Tier,2932
05/31/2006,Western New York,8166
06/30/2006,Capital,3585
06/30/2006,Central New York,3020
06/30/2006,Finger Lakes,4885
06/30/2006,Hudson Valley,6567
06/30/2006,Long Island,8639
06/30/2006,Mohawk Valley,2432
06/30/2006,New York City,26190
06/30/2006,North Country,1835
06/30/2006,Southern Tier,3037
06/30/2006,Western New York,7989
07/31/2006,Capital,4307
07/31/2006,Central New York,3229
07/31/2006,Finger Lakes,5652
07/31/2006,Hudson Valley,8972
07/31/2006,Long Island,13157
07/31/2006,Mohawk Valley,3015
07/31/2006,New York City,39082
07/31/2006,North Country,2073
07/31/2006,Southern Tier,3728
07/31/2006,Western New York,9608
08/31/2006,Capital,3505
08/31/2006,Central New York,2542
08/31/2006,Finger Lakes,4221
08/31/2006,Hudson Valley,6510
08/31/2006,Long Island,8844
08/31/2006,Mohawk Valley,1931
08/31/2006,New York City,30109
08/31/2006,North Country,1589
08/31/2006,Southern Tier,2323
08/31/2006,Western New York,7165
09/30/2006,Capital,3259
09/30/2006,Central New York,2557
09/30/2006,Finger Lakes,4144
09/30/2006,Hudson Valley,5580
09/30/2006,Long Island,7065
09/30/2006,Mohawk Valley,1918
09/30/2006,New York City,24555
09/30/2006,North Country,1647
09/30/2006,Southern Tier,2380
09/30/2006,Western New York,6400
10/31/2006,Capital,4223
10/31/2006,Central New York,3671
10/31/2006,Finger Lakes,5850
10/31/2006,Hudson Valley,6309
10/31/2006,Long Island,8576
10/31/2006,Mohawk Valley,3126
10/31/2006,New York City,28631
10/31/2006,North Country,3106
10/31/2006,Southern Tier,3295
10/31/2006,Western New York,12005
11/30/2006,Capital,5195
11/30/2006,Central New York,4408
11/30/2006,Finger Lakes,7363
11/30/2006,Hudson Valley,8135
11/30/2006,Long Island,9595
11/30/2006,Mohawk Valley,4042
11/30/2006,New York City,25938
11/30/2006,North Country,3664
11/30/2006,Southern Tier,4294
11/30/2006,Western New York,11804
12/31/2006,Capital,6153
12/31/2006,Central New York,4923
12/31/2006,Finger Lakes,8440
12/31/2006,Hudson Valley,9594
12/31/2006,Long Island,14060
12/31/2006,Mohawk Valley,4407
12/31/2006,New York City,33668
12/31/2006,North Country,3690
12/31/2006,Southern Tier,4458
12/31/2006,Western New York,12974
01/31/2007,Capital,6254
01/31/2007,Central New York,4869
01/31/2007,Finger Lakes,8033
01/31/2007,Hudson Valley,10195
01/31/2007,Long Island,14237
01/31/2007,Mohawk Valley,4240
01/31/2007,New York City,35928
01/31/2007,North Country,3518
01/31/2007,Southern Tier,4991
01/31/2007,Western New York,12666
02/28/2007,Capital,4830
02/28/2007,Central New York,3522
02/28/2007,Finger Lakes,6289
02/28/2007,Hudson Valley,7622
02/28/2007,Long Island,12299
02/28/2007,Mohawk Valley,2864
02/28/2007,New York City,28377
02/28/2007,North Country,2515
02/28/2007,Southern Tier,3457
02/28/2007,Western New York,9351
03/31/2007,Capital,3866
03/31/2007,Central New York,3189
03/31/2007,Finger Lakes,5094
03/31/2007,Hudson Valley,5904
03/31/2007,Long Island,7486
03/31/2007,Mohawk Valley,2582
03/31/2007,New York City,23805
03/31/2007,North Country,2403
03/31/2007,Southern Tier,2912
03/31/2007,Western New York,7225
04/30/2007,Capital,4785
04/30/2007,Central New York,3760
04/30/2007,Finger Lakes,6310
04/30/2007,Hudson Valley,8788
04/30/2007,Long Island,12416
04/30/2007,Mohawk Valley,2837
04/30/2007,New York City,38365
04/30/2007,North Country,2643
04/30/2007,Southern Tier,3393
04/30/2007,Western New York,9839
05/31/2007,Capital,3402
05/31/2007,Central New York,2757
05/31/2007,Finger Lakes,4350
05/31/2007,Hudson Valley,6026
05/31/2007,Long Island,7405
05/31/2007,Mohawk Valley,2353
05/31/2007,New York City,26301
05/31/2007,North Country,1811
05/31/2007,Southern Tier,2556
05/31/2007,Western New York,6555
06/30/2007,Capital,3601
06/30/2007,Central New York,2687
06/30/2007,Finger Lakes,4357
06/30/2007,Hudson Valley,6582
06/30/2007,Long Island,8530
06/30/2007,Mohawk Valley,2246
06/30/2007,New York City,24784
06/30/2007,North Country,1767
06/30/2007,Southern Tier,2492
06/30/2007,Western New York,6847
07/31/2007,Capital,4290
07/31/2007,Central New York,3082
07/31/2007,Finger Lakes,5907
07/31/2007,Hudson Valley,8836
07/31/2007,Long Island,12957
07/31/2007,Mohawk Valley,2767
07/31/2007,New York City,38682
07/31/2007,North Country,1897
07/31/2007,Southern Tier,2831
07/31/2007,Western New York,9182
08/31/2007,Capital,3359
08/31/2007,Central New York,2435
08/31/2007,Finger Lakes,4268
08/31/2007,Hudson Valley,6604
08/31/2007,Long Island,10122
08/31/2007,Mohawk Valley,2006
08/31/2007,New York City,30093
08/31/2007,North Country,1571
08/31/2007,Southern Tier,2267
08/31/2007,Western New York,6787
09/30/2007,Capital,3085
09/30/2007,Central New York,2316
09/30/2007,Finger Lakes,4246
09/30/2007,Hudson Valley,5322
09/30/2007,Long Island,7484
09/30/2007,Mohawk Valley,1933
09/30/2007,New York City,24840
09/30/2007,North Country,1617
09/30/2007,Southern Tier,2756
09/30/2007,Western New York,6282
10/31/2007,Capital,4293
10/31/2007,Central New York,3746
10/31/2007,Finger Lakes,5919
10/31/2007,Hudson Valley,6581
10/31/2007,Long Island,8547
10/31/2007,Mohawk Valley,2695
10/31/2007,New York City,27498
10/31/2007,North Country,3058
10/31/2007,Southern Tier,2995
10/31/2007,Western New York,8550
11/30/2007,Capital,5391
11/30/2007,Central New York,4441
11/30/2007,Finger Lakes,8146
11/30/2007,Hudson Valley,7977
11/30/2007,Long Island,10047
11/30/2007,Mohawk Valley,4120
11/30/2007,New York City,27139
11/30/2007,North Country,3832
11/30/2007,Southern Tier,4565
11/30/2007,Western New York,10881
12/31/2007,Capital,7252
12/31/2007,Central New York,5492
12/31/2007,Finger Lakes,10534
12/31/2007,Hudson Valley,11588
12/31/2007,Long Island,16474
12/31/2007,Mohawk Valley,5157
12/31/2007,New York City,37959
12/31/2007,North Country,4189
12/31/2007,Southern Tier,5392
12/31/2007,Western New York,14859
01/31/2008,Capital,6243
01/31/2008,Central New York,5464
01/31/2008,Finger Lakes,7550
01/31/2008,Hudson Valley,9829
01/31/2008,Long Island,13546
01/31/2008,Mohawk Valley,4020
01/31/2008,New York City,34890
01/31/2008,North Country,3261
01/31/2008,Southern Tier,4230
01/31/2008,Western New York,11301
02/29/2008,Capital,5070
02/29/2008,Central New York,4204
02/29/2008,Finger Lakes,6405
02/29/2008,Hudson Valley,8371
02/29/2008,Long Island,13580
02/29/2008,Mohawk Valley,2928
02/29/2008,New York City,30967
02/29/2008,North Country,2485
02/29/2008,Southern Tier,2938
02/29/2008,Western New York,9426
03/31/2008,Capital,4445
03/31/2008,Central New York,4384
03/31/2008,Finger Lakes,6169
03/31/2008,Hudson Valley,8019
03/31/2008,Long Island,10642
03/31/2008,Mohawk Valley,2708
03/31/2008,New York City,29409
03/31/2008,North Country,2698
03/31/2008,Southern Tier,2815
03/31/2008,Western New York,9924
04/30/2008,Capital,4328
04/30/2008,Central New York,3734
04/30/2008,Finger Lakes,5605
04/30/2008,Hudson Valley,8261
04/30/2008,Long Island,12602
04/30/2008,Mohawk Valley,2569
04/30/2008,New York City,38835
04/30/2008,North Country,2342
04/30/2008,Southern Tier,2400
04/30/2008,Western New York,9015
05/31/2008,Capital,3489
05/31/2008,Central New York,3365
05/31/2008,Finger Lakes,5000
05/31/2008,Hudson Valley,6672
05/31/2008,Long Island,8277
05/31/2008,Mohawk Valley,2177
05/31/2008,New York City,27390
05/31/2008,North Country,1887
05/31/2008,Southern Tier,2329
05/31/2008,Western New York,7012
06/30/2008,Capital,4285
06/30/2008,Central New York,3883
06/30/2008,Finger Lakes,5749
06/30/2008,Hudson Valley,8091
06/30/2008,Long Island,11260
06/30/2008,Mohawk Valley,2604
06/30/2008,New York City,33342
06/30/2008,North Country,2231
06/30/2008,Southern Tier,2734
06/30/2008,Western New York,8268
07/31/2008,Capital,4378
07/31/2008,Central New York,4170
07/31/2008,Finger Lakes,6204
07/31/2008,Hudson Valley,9986
07/31/2008,Long Island,14641
07/31/2008,Mohawk Valley,2744
07/31/2008,New York City,45894
07/31/2008,North Country,2116
07/31/2008,Southern Tier,2970
07/31/2008,Western New York,8843
08/31/2008,Capital,3911
08/31/2008,Central New York,3760
08/31/2008,Finger Lakes,5535
08/31/2008,Hudson Valley,8589
08/31/2008,Long Island,11604
08/31/2008,Mohawk Valley,2602
08/31/2008,New York City,38805
08/31/2008,North Country,1839
08/31/2008,Southern Tier,2403
08/31/2008,Western New York,7459
09/30/2008,Capital,4282
09/30/2008,Central New York,3956
09/30/2008,Finger Lakes,5560
09/30/2008,Hudson Valley,8048
09/30/2008,Long Island,10458
09/30/2008,Mohawk Valley,2444
09/30/2008,New York City,35066
09/30/2008,North Country,2420
09/30/2008,Southern Tier,2757
09/30/2008,Western New York,8242
10/31/2008,Capital,5324
10/31/2008,Central New York,5054
10/31/2008,Finger Lakes,6941
10/31/2008,Hudson Valley,9458
10/31/2008,Long Island,13351
10/31/2008,Mohawk Valley,3202
10/31/2008,New York City,39743
10/31/2008,North Country,3744
10/31/2008,Southern Tier,3577
10/31/2008,Western New York,9807
11/30/2008,Capital,7734
11/30/2008,Central New York,7391
11/30/2008,Finger Lakes,10855
11/30/2008,Hudson Valley,11821
11/30/2008,Long Island,15358
11/30/2008,Mohawk Valley,5214
11/30/2008,New York City,41563
11/30/2008,North Country,4820
11/30/2008,Southern Tier,6132
11/30/2008,Western New York,14747
12/31/2008,Capital,10440
12/31/2008,Central New York,8745
12/31/2008,Finger Lakes,14394
12/31/2008,Hudson Valley,17579
12/31/2008,Long Island,24202
12/31/2008,Mohawk Valley,6663
12/31/2008,New York City,55756
12/31/2008,North Country,5882
12/31/2008,Southern Tier,7192
12/31/2008,Western New York,21219
01/31/2009,Capital,8479
01/31/2009,Central New York,8253
01/31/2009,Finger Lakes,10939
01/31/2009,Hudson Valley,14886
01/31/2009,Long Island,21841
01/31/2009,Mohawk Valley,5021
01/31/2009,New York City,65193
01/31/2009,North Country,4177
01/31/2009,Southern Tier,6384
01/31/2009,Western New York,17271
02/28/2009,Capital,7786
02/28/2009,Central New York,6493
02/28/2009,Finger Lakes,10386
02/28/2009,Hudson Valley,13343
02/28/2009,Long Island,21677
02/28/2009,Mohawk Valley,4108
02/28/2009,New York City,54198
02/28/2009,North Country,3437
02/28/2009,Southern Tier,5399
02/28/2009,Western New York,14332
03/31/2009,Capital,7630
03/31/2009,Central New York,6461
03/31/2009,Finger Lakes,11135
03/31/2009,Hudson Valley,13029
03/31/2009,Long Island,17170
03/31/2009,Mohawk Valley,4725
03/31/2009,New York City,54971
03/31/2009,North Country,4249
03/31/2009,Southern Tier,5557
03/31/2009,Western New York,15388
04/30/2009,Capital,6963
04/30/2009,Central New York,6281
04/30/2009,Finger Lakes,9532
04/30/2009,Hudson Valley,12926
04/30/2009,Long Island,19387
04/30/2009,Mohawk Valley,3927
04/30/2009,New York City,56531
04/30/2009,North Country,3340
04/30/2009,Southern Tier,6191
04/30/2009,Western New York,15273
05/31/2009,Capital,5882
05/31/2009,Central New York,7025
05/31/2009,Finger Lakes,9366
05/31/2009,Hudson Valley,10343
05/31/2009,Long Island,13330
05/31/2009,Mohawk Valley,3495
05/31/2009,New York City,42915
05/31/2009,North Country,3500
05/31/2009,Southern Tier,5016
05/31/2009,Western New York,11826
06/30/2009,Capital,6269
06/30/2009,Central New York,7227
06/30/2009,Finger Lakes,10251
06/30/2009,Hudson Valley,11910
06/30/2009,Long Island,15969
06/30/2009,Mohawk Valley,3607
06/30/2009,New York City,45215
06/30/2009,North Country,2901
06/30/2009,Southern Tier,4459
06/30/2009,Western New York,14230
07/31/2009,Capital,6142
07/31/2009,Central New York,5686
07/31/2009,Finger Lakes,7273
07/31/2009,Hudson Valley,11164
07/31/2009,Long Island,14830
07/31/2009,Mohawk Valley,2965
07/31/2009,New York City,45111
07/31/2009,North Country,2581
07/31/2009,Southern Tier,3398
07/31/2009,Western New York,10473
08/31/2009,Capital,5461
08/31/2009,Central New York,4572
08/31/2009,Finger Lakes,7273
08/31/2009,Hudson Valley,11164
08/31/2009,Long Island,14830
08/31/2009,Mohawk Valley,2965
08/31/2009,New York City,45111
08/31/2009,North Country,2581
08/31/2009,Southern Tier,3398
08/31/2009,Western New York,10473
09/30/2009,Capital,5040
09/30/2009,Central New York,4234
09/30/2009,Finger Lakes,6317
09/30/2009,Hudson Valley,8840
09/30/2009,Long Island,12527
09/30/2009,Mohawk Valley,2904
09/30/2009,New York City,38918
09/30/2009,North Country,2403
09/30/2009,Southern Tier,3436
09/30/2009,Western New York,8717
10/31/2009,Capital,5645
10/31/2009,Central New York,5086
10/31/2009,Finger Lakes,7314
10/31/2009,Hudson Valley,8977
10/31/2009,Long Island,13007
10/31/2009,Mohawk Valley,3270
10/31/2009,New York City,38354
10/31/2009,North Country,3403
10/31/2009,Southern Tier,4153
10/31/2009,Western New York,10371
11/30/2009,Capital,7872
11/30/2009,Central New York,7201
11/30/2009,Finger Lakes,10389
11/30/2009,Hudson Valley,11815
11/30/2009,Long Island,15604
11/30/2009,Mohawk Valley,5333
11/30/2009,New York City,40783
11/30/2009,North Country,4423
11/30/2009,Southern Tier,5155
11/30/2009,Western New York,13773
12/31/2009,Capital,8314
12/31/2009,Central New York,6992
12/31/2009,Finger Lakes,11215
12/31/2009,Hudson Valley,14573
12/31/2009,Long Island,20518
12/31/2009,Mohawk Valley,4908
12/31/2009,New York City,42837
12/31/2009,North Country,4637
12/31/2009,Southern Tier,5720
12/31/2009,Western New York,14919
01/31/2010,Capital,7545
01/31/2010,Central New York,6586
01/31/2010,Finger Lakes,9423
01/31/2010,Hudson Valley,13726
01/31/2010,Long Island,20057
01/31/2010,Mohawk Valley,4500
01/31/2010,New York City,54884
01/31/2010,North Country,3612
01/31/2010,Southern Tier,5116
01/31/2010,Western New York,14852
02/28/2010,Capital,6181
02/28/2010,Central New York,5306
02/28/2010,Finger Lakes,7744
02/28/2010,Hudson Valley,10664
02/28/2010,Long Island,17767
02/28/2010,Mohawk Valley,3160
02/28/2010,New York City,39239
02/28/2010,North Country,2703
02/28/2010,Southern Tier,3416
02/28/2010,Western New York,10554
03/31/2010,Capital,5323
03/31/2010,Central New York,4658
03/31/2010,Finger Lakes,7218
03/31/2010,Hudson Valley,9756
03/31/2010,Long Island,11969
03/31/2010,Mohawk Valley,2949
03/31/2010,New York City,37083
03/31/2010,North Country,3229
03/31/2010,Southern Tier,3585
03/31/2010,Western New York,9172
04/30/2010,Capital,5828
04/30/2010,Central New York,4518
04/30/2010,Finger Lakes,7180
04/30/2010,Hudson Valley,11413
04/30/2010,Long Island,16929
04/30/2010,Mohawk Valley,2900
04/30/2010,New York City,50841
04/30/2010,North Country,2858
04/30/2010,Southern Tier,3285
04/30/2010,Western New York,10993
05/31/2010,Capital,5233
05/31/2010,Central New York,4974
05/31/2010,Finger Lakes,6585
05/31/2010,Hudson Valley,8834
05/31/2010,Long Island,11737
05/31/2010,Mohawk Valley,3123
05/31/2010,New York City,38980
05/31/2010,North Country,2676
05/31/2010,Southern Tier,3534
05/31/2010,Western New York,8989
06/30/2010,Capital,5651
06/30/2010,Central New York,4738
06/30/2010,Finger Lakes,6801
06/30/2010,Hudson Valley,10247
06/30/2010,Long Island,13260
06/30/2010,Mohawk Valley,3139
06/30/2010,New York City,41571
06/30/2010,North Country,2876
06/30/2010,Southern Tier,3442
06/30/2010,Western New York,9758
07/31/2010,Capital,6534
07/31/2010,Central New York,4709
07/31/2010,Finger Lakes,7792
07/31/2010,Hudson Valley,13428
07/31/2010,Long Island,19023
07/31/2010,Mohawk Valley,3206
07/31/2010,New York City,55832
07/31/2010,North Country,2535
07/31/2010,Southern Tier,3204
07/31/2010,Western New York,10114
08/31/2010,Capital,5345
08/31/2010,Central New York,4364
08/31/2010,Finger Lakes,6474
08/31/2010,Hudson Valley,11139
08/31/2010,Long Island,15272
08/31/2010,Mohawk Valley,3007
08/31/2010,New York City,49179
08/31/2010,North Country,2491
08/31/2010,Southern Tier,2981
08/31/2010,Western New York,9276
09/30/2010,Capital,4923
09/30/2010,Central New York,3878
09/30/2010,Finger Lakes,5791
09/30/2010,Hudson Valley,8866
09/30/2010,Long Island,12113
09/30/2010,Mohawk Valley,2634
09/30/2010,New York City,39603
09/30/2010,North Country,2573
09/30/2010,Southern Tier,2851
09/30/2010,Western New York,7579
10/31/2010,Capital,6058
10/31/2010,Central New York,5325
10/31/2010,Finger Lakes,7160
10/31/2010,Hudson Valley,9681
10/31/2010,Long Island,13370
10/31/2010,Mohawk Valley,3626
10/31/2010,New York City,42637
10/31/2010,North Country,3725
10/31/2010,Southern Tier,3884
10/31/2010,Western New York,9671
11/30/2010,Capital,8023
11/30/2010,Central New York,6655
11/30/2010,Finger Lakes,9617
11/30/2010,Hudson Valley,11795
11/30/2010,Long Island,14993
11/30/2010,Mohawk Valley,5029
11/30/2010,New York City,38201
11/30/2010,North Country,4442
11/30/2010,Southern Tier,5123
11/30/2010,Western New York,12570
12/31/2010,Capital,7488
12/31/2010,Central New York,6583
12/31/2010,Finger Lakes,9965
12/31/2010,Hudson Valley,12917
12/31/2010,Long Island,17524
12/31/2010,Mohawk Valley,4708
12/31/2010,New York City,39873
12/31/2010,North Country,4047
12/31/2010,Southern Tier,6086
12/31/2010,Western New York,13259
01/31/2011,Capital,9096
01/31/2011,Central New York,7103
01/31/2011,Finger Lakes,9768
01/31/2011,Hudson Valley,16319
01/31/2011,Long Island,23342
01/31/2011,Mohawk Valley,5331
01/31/2011,New York City,60219
01/31/2011,North Country,4024
01/31/2011,Southern Tier,5300
01/31/2011,Western New York,13913
02/28/2011,Capital,6011
02/28/2011,Central New York,4584
02/28/2011,Finger Lakes,7069
02/28/2011,Hudson Valley,10905
02/28/2011,Long Island,16259
02/28/2011,Mohawk Valley,3595
02/28/2011,New York City,38280
02/28/2011,North Country,2549
02/28/2011,Southern Tier,3225
02/28/2011,Western New York,9560
03/31/2011,Capital,5182
03/31/2011,Central New York,4402
03/31/2011,Finger Lakes,6406
03/31/2011,Hudson Valley,9168
03/31/2011,Long Island,11723
03/31/2011,Mohawk Valley,3363
03/31/2011,New York City,34908
03/31/2011,North Country,2867
03/31/2011,Southern Tier,3377
03/31/2011,Western New York,8987
04/30/2011,Capital,5665
04/30/2011,Central New York,4638
04/30/2011,Finger Lakes,7151
04/30/2011,Hudson Valley,11075
04/30/2011,Long Island,16147
04/30/2011,Mohawk Valley,3365
04/30/2011,New York City,48303
04/30/2011,North Country,2752
04/30/2011,Southern Tier,3326
04/30/2011,Western New York,10663
05/31/2011,Capital,5449
05/31/2011,Central New York,4612
05/31/2011,Finger Lakes,6617
05/31/2011,Hudson Valley,9027
05/31/2011,Long Island,11897
05/31/2011,Mohawk Valley,3380
05/31/2011,New York City,38122
05/31/2011,North Country,2871
05/31/2011,Southern Tier,3643
05/31/2011,Western New York,9313
06/30/2011,Capital,4941
06/30/2011,Central New York,4269
06/30/2011,Finger Lakes,6386
06/30/2011,Hudson Valley,9864
06/30/2011,Long Island,12892
06/30/2011,Mohawk Valley,3109
06/30/2011,New York City,36942
06/30/2011,North Country,2320
06/30/2011,Southern Tier,3358
06/30/2011,Western New York,8547
07/31/2011,Capital,5912
07/31/2011,Central New York,5350
07/31/2011,Finger Lakes,8228
07/31/2011,Hudson Valley,13432
07/31/2011,Long Island,19373
07/31/2011,Mohawk Valley,3299
07/31/2011,New York City,52618
07/31/2011,North Country,2774
07/31/2011,Southern Tier,3658
07/31/2011,Western New York,10664
08/31/2011,Capital,5167
08/31/2011,Central New York,4347
08/31/2011,Finger Lakes,5927
08/31/2011,Hudson Valley,11391
08/31/2011,Long Island,16018
08/31/2011,Mohawk Valley,3140
08/31/2011,New York City,46687
08/31/2011,North Country,2241
08/31/2011,Southern Tier,3065
08/31/2011,Western New York,8835
09/30/2011,Capital,5273
09/30/2011,Central New York,3857
09/30/2011,Finger Lakes,5367
09/30/2011,Hudson Valley,8790
09/30/2011,Long Island,11672
09/30/2011,Mohawk Valley,3152
09/30/2011,New York City,35366
09/30/2011,North Country,2529
09/30/2011,Southern Tier,4873
09/30/2011,Western New York,7117
10/31/2011,Capital,5676
10/31/2011,Central New York,4986
10/31/2011,Finger Lakes,7043
10/31/2011,Hudson Valley,9669
10/31/2011,Long Island,14065
10/31/2011,Mohawk Valley,3369
10/31/2011,New York City,40770
10/31/2011,North Country,3504
10/31/2011,Southern Tier,3910
10/31/2011,Western New York,9049
11/30/2011,Capital,6646
11/30/2011,Central New York,5886
11/30/2011,Finger Lakes,9214
11/30/2011,Hudson Valley,11055
11/30/2011,Long Island,14139
11/30/2011,Mohawk Valley,4091
11/30/2011,New York City,35647
11/30/2011,North Country,4006
11/30/2011,Southern Tier,4413
11/30/2011,Western New York,11322
12/31/2011,Capital,7045
12/31/2011,Central New York,6088
12/31/2011,Finger Lakes,9503
12/31/2011,Hudson Valley,11093
12/31/2011,Long Island,14805
12/31/2011,Mohawk Valley,4157
12/31/2011,New York City,35588
12/31/2011,North Country,3503
12/31/2011,Southern Tier,4520
12/31/2011,Western New York,11605
01/31/2012,Capital,9139
01/31/2012,Central New York,7182
01/31/2012,Finger Lakes,10809
01/31/2012,Hudson Valley,16199
01/31/2012,Long Island,23183
01/31/2012,Mohawk Valley,5365
01/31/2012,New York City,58516
01/31/2012,North Country,4356
01/31/2012,Southern Tier,5805
01/31/2012,Western New York,14891
02/29/2012,Capital,5797
02/29/2012,Central New York,4685
02/29/2012,Finger Lakes,7481
02/29/2012,Hudson Valley,9882
02/29/2012,Long Island,16551
02/29/2012,Mohawk Valley,3348
02/29/2012,New York City,39079
02/29/2012,North Country,2543
02/29/2012,Southern Tier,3360
02/29/2012,Western New York,10148
03/31/2012,Capital,4959
03/31/2012,Central New York,3866
03/31/2012,Finger Lakes,5989
03/31/2012,Hudson Valley,8584
03/31/2012,Long Island,10719
03/31/2012,Mohawk Valley,2929
03/31/2012,New York City,33113
03/31/2012,North Country,2627
03/31/2012,Southern Tier,3346
03/31/2012,Western New York,7595
04/30/2012,Capital,5790
04/30/2012,Central New York,4877
04/30/2012,Finger Lakes,7531
04/30/2012,Hudson Valley,12396
04/30/2012,Long Island,16914
04/30/2012,Mohawk Valley,3395
04/30/2012,New York City,50301
04/30/2012,North Country,2949
04/30/2012,Southern Tier,3846
04/30/2012,Western New York,11009
05/31/2012,Capital,4698
05/31/2012,Central New York,4164
05/31/2012,Finger Lakes,5427
05/31/2012,Hudson Valley,8710
05/31/2012,Long Island,11040
05/31/2012,Mohawk Valley,2880
05/31/2012,New York City,35350
05/31/2012,North Country,2286
05/31/2012,Southern Tier,3584
05/31/2012,Western New York,7593
06/30/2012,Capital,4620
06/30/2012,Central New York,3687
06/30/2012,Finger Lakes,5805
06/30/2012,Hudson Valley,9034
06/30/2012,Long Island,11460
06/30/2012,Mohawk Valley,2662
06/30/2012,New York City,34047
06/30/2012,North Country,2275
06/30/2012,Southern Tier,3339
06/30/2012,Western New York,7809
07/31/2012,Capital,5993
07/31/2012,Central New York,4614
07/31/2012,Finger Lakes,8285
07/31/2012,Hudson Valley,15474
07/31/2012,Long Island,20946
07/31/2012,Mohawk Valley,3312
07/31/2012,New York City,61787
07/31/2012,North Country,2609
07/31/2012,Southern Tier,4101
07/31/2012,Western New York,11194
08/31/2012,Capital,4728
08/31/2012,Central New York,3613
08/31/2012,Finger Lakes,5886
08/31/2012,Hudson Valley,10079
08/31/2012,Long Island,13491
08/31/2012,Mohawk Valley,2571
08/31/2012,New York City,42663
08/31/2012,North Country,2039
08/31/2012,Southern Tier,3021
08/31/2012,Western New York,8243
09/30/2012,Capital,4602
09/30/2012,Central New York,3790
09/30/2012,Finger Lakes,5227
09/30/2012,Hudson Valley,8583
09/30/2012,Long Island,11636
09/30/2012,Mohawk Valley,2510
09/30/2012,New York City,35961
09/30/2012,North Country,2091
09/30/2012,Southern Tier,2965
09/30/2012,Western New York,7653
10/31/2012,Capital,5391
10/31/2012,Central New York,4471
10/31/2012,Finger Lakes,6762
10/31/2012,Hudson Valley,8482
10/31/2012,Long Island,11161
10/31/2012,Mohawk Valley,3191
10/31/2012,New York City,37097
10/31/2012,North Country,3612
10/31/2012,Southern Tier,3922
10/31/2012,Western New York,9556
11/30/2012,Capital,6774
11/30/2012,Central New York,5898
11/30/2012,Finger Lakes,9083
11/30/2012,Hudson Valley,15104
11/30/2012,Long Island,30883
11/30/2012,Mohawk Valley,4241
11/30/2012,New York City,65205
11/30/2012,North Country,3852
11/30/2012,Southern Tier,5025
11/30/2012,Western New York,12139
12/31/2012,Capital,8115
12/31/2012,Central New York,6509
12/31/2012,Finger Lakes,10290
12/31/2012,Hudson Valley,13869
12/31/2012,Long Island,19788
12/31/2012,Mohawk Valley,4927
12/31/2012,New York City,47631
12/31/2012,North Country,4438
12/31/2012,Southern Tier,5027
12/31/2012,Western New York,13425
01/31/2013,Capital,7213
01/31/2013,Central New York,5718
01/31/2013,Finger Lakes,9191
01/31/2013,Hudson Valley,12615
01/31/2013,Long Island,17184
01/31/2013,Mohawk Valley,3948
01/31/2013,New York City,53447
01/31/2013,North Country,3712
01/31/2013,Southern Tier,5151
01/31/2013,Western New York,11589
02/28/2013,Capital,5197
02/28/2013,Central New York,4218
02/28/2013,Finger Lakes,7189
02/28/2013,Hudson Valley,8895
02/28/2013,Long Island,12448
02/28/2013,Mohawk Valley,3259
02/28/2013,New York City,35822
02/28/2013,North Country,2667
02/28/2013,Southern Tier,3306
02/28/2013,Western New York,9161
03/31/2013,Capital,4616
03/31/2013,Central New York,3819
03/31/2013,Finger Lakes,5918
03/31/2013,Hudson Valley,9685
03/31/2013,Long Island,12338
03/31/2013,Mohawk Valley,2997
03/31/2013,New York City,40334
03/31/2013,North Country,2701
03/31/2013,Southern Tier,3271
03/31/2013,Western New York,8215
04/30/2013,Capital,5145
04/30/2013,Central New York,4123
04/30/2013,Finger Lakes,6839
04/30/2013,Hudson Valley,8920
04/30/2013,Long Island,12121
04/30/2013,Mohawk Valley,2965
04/30/2013,New York City,40692
04/30/2013,North Country,2935
04/30/2013,Southern Tier,2889
04/30/2013,Western New York,9648
05/31/2013,Capital,4159
05/31/2013,Central New York,3719
05/31/2013,Finger Lakes,5307
05/31/2013,Hudson Valley,7816
05/31/2013,Long Island,9666
05/31/2013,Mohawk Valley,2464
05/31/2013,New York City,35008
05/31/2013,North Country,2312
05/31/2013,Southern Tier,3036
05/31/2013,Western New York,7366
06/30/2013,Capital,4962
06/30/2013,Central New York,4478
06/30/2013,Finger Lakes,6358
06/30/2013,Hudson Valley,10602
06/30/2013,Long Island,14444
06/30/2013,Mohawk Valley,2809
06/30/2013,New York City,38411
06/30/2013,North Country,2297
06/30/2013,Southern Tier,3256
06/30/2013,Western New York,10115
07/31/2013,Capital,4969
07/31/2013,Central New York,4481
07/31/2013,Finger Lakes,6361
07/31/2013,Hudson Valley,10618
07/31/2013,Long Island,14452
07/31/2013,Mohawk Valley,2815
07/31/2013,New York City,38466
07/31/2013,North Country,2299
07/31/2013,Southern Tier,3258
07/31/2013,Western New York,10123
08/31/2013,Capital,4012
08/31/2013,Central New York,3370
08/31/2013,Finger Lakes,5292
08/31/2013,Hudson Valley,8427
08/31/2013,Long Island,11209
08/31/2013,Mohawk Valley,2115
08/31/2013,New York City,36923
08/31/2013,North Country,1825
08/31/2013,Southern Tier,2368
08/31/2013,Western New York,7208
09/30/2013,Capital,4050
09/30/2013,Central New York,3397
09/30/2013,Finger Lakes,5446
09/30/2013,Hudson Valley,7585
09/30/2013,Long Island,9644
09/30/2013,Mohawk Valley,2368
09/30/2013,New York City,35361
09/30/2013,North Country,2005
09/30/2013,Southern Tier,2625
09/30/2013,Western New York,6953
10/31/2013,Capital,4055
10/31/2013,Central New York,3403
10/31/2013,Finger Lakes,5449
10/31/2013,Hudson Valley,7592
10/31/2013,Long Island,9656
10/31/2013,Mohawk Valley,2373
10/31/2013,New York City,35423
10/31/2013,North Country,2009
10/31/2013,Southern Tier,2627
10/31/2013,Western New York,6956
11/30/2013,Capital,5502
11/30/2013,Central New York,4762
11/30/2013,Finger Lakes,7206
11/30/2013,Hudson Valley,7810
11/30/2013,Long Island,10509
11/30/2013,Mohawk Valley,3297
11/30/2013,New York City,29057
11/30/2013,North Country,3344
11/30/2013,Southern Tier,4194
11/30/2013,Western New York,9477
12/31/2013,Capital,9076
12/31/2013,Central New York,7367
12/31/2013,Finger Lakes,11786
12/31/2013,Hudson Valley,15727
12/31/2013,Long Island,21369
12/31/2013,Mohawk Valley,5442
12/31/2013,New York City,46422
12/31/2013,North Country,4942
12/31/2013,Southern Tier,5396
12/31/2013,Western New York,15840
01/31/2014,Capital,6637
01/31/2014,Central New York,5403
01/31/2014,Finger Lakes,8455
01/31/2014,Hudson Valley,11217
01/31/2014,Long Island,16931
01/31/2014,Mohawk Valley,3870
01/31/2014,New York City,41743
01/31/2014,North Country,3537
01/31/2014,Southern Tier,4324
01/31/2014,Western New York,11093
02/28/2014,Capital,4968
02/28/2014,Central New York,3815
02/28/2014,Finger Lakes,6798
02/28/2014,Hudson Valley,9605
02/28/2014,Long Island,16217
02/28/2014,Mohawk Valley,2926
02/28/2014,New York City,39941
02/28/2014,North Country,2363
02/28/2014,Southern Tier,2709
02/28/2014,Western New York,9543
03/31/2014,Capital,4460
03/31/2014,Central New York,3707
03/31/2014,Finger Lakes,6067
03/31/2014,Hudson Valley,7637
03/31/2014,Long Island,10134
03/31/2014,Mohawk Valley,2401
03/31/2014,New York City,31258
03/31/2014,North Country,2345
03/31/2014,Southern Tier,2792
03/31/2014,Western New York,7924
04/30/2014,Capital,4570
04/30/2014,Central New York,3701
04/30/2014,Finger Lakes,6238
04/30/2014,Hudson Valley,9288
04/30/2014,Long Island,13422
04/30/2014,Mohawk Valley,2363
04/30/2014,New York City,42766
04/30/2014,North Country,2327
04/30/2014,Southern Tier,2813
04/30/2014,Western New York,8592
05/31/2014,Capital,3750
05/31/2014,Central New York,3272
05/31/2014,Finger Lakes,4939
05/31/2014,Hudson Valley,6671
05/31/2014,Long Island,8748
05/31/2014,Mohawk Valley,2170
05/31/2014,New York City,31367
05/31/2014,North Country,1919
05/31/2014,Southern Tier,2673
05/31/2014,Western New York,6452
06/30/2014,Capital,4008
06/30/2014,Central New York,3678
06/30/2014,Finger Lakes,5182
06/30/2014,Hudson Valley,8192
06/30/2014,Long Island,10708
06/30/2014,Mohawk Valley,2252
06/30/2014,New York City,32971
06/30/2014,North Country,2055
06/30/2014,Southern Tier,2768
06/30/2014,Western New York,7528
07/31/2014,Capital,4537
07/31/2014,Central New York,3376
07/31/2014,Finger Lakes,5907
07/31/2014,Hudson Valley,10186
07/31/2014,Long Island,14958
07/31/2014,Mohawk Valley,2555
07/31/2014,New York City,43424
07/31/2014,North Country,2065
07/31/2014,Southern Tier,2620
07/31/2014,Western New York,8389
08/31/2014,Capital,3528
08/31/2014,Central New York,2909
08/31/2014,Finger Lakes,4662
08/31/2014,Hudson Valley,7805
08/31/2014,Long Island,11346
08/31/2014,Mohawk Valley,2024
08/31/2014,New York City,36091
08/31/2014,North Country,1664
08/31/2014,Southern Tier,2240
08/31/2014,Western New York,6017
09/30/2014,Capital,3465
09/30/2014,Central New York,3065
09/30/2014,Finger Lakes,4495
09/30/2014,Hudson Valley,7118
09/30/2014,Long Island,10656
09/30/2014,Mohawk Valley,2075
09/30/2014,New York City,32299
09/30/2014,North Country,1670
09/30/2014,Southern Tier,2246
09/30/2014,Western New York,6074
10/31/2014,Capital,4146
10/31/2014,Central New York,3768
10/31/2014,Finger Lakes,5605
10/31/2014,Hudson Valley,6683
10/31/2014,Long Island,9872
10/31/2014,Mohawk Valley,2491
10/31/2014,New York City,30987
10/31/2014,North Country,2824
10/31/2014,Southern Tier,2633
10/31/2014,Western New York,7264
11/30/2014,Capital,5458
11/30/2014,Central New York,5055
11/30/2014,Finger Lakes,8513
11/30/2014,Hudson Valley,8744
11/30/2014,Long Island,11358
11/30/2014,Mohawk Valley,3697
11/30/2014,New York City,28612
11/30/2014,North Country,4054
11/30/2014,Southern Tier,3903
11/30/2014,Western New York,13013
12/31/2014,Capital,7202
12/31/2014,Central New York,6006
12/31/2014,Finger Lakes,9720
12/31/2014,Hudson Valley,12332
12/31/2014,Long Island,17345
12/31/2014,Mohawk Valley,4784
12/31/2014,New York City,35610
12/31/2014,North Country,4200
12/31/2014,Southern Tier,4354
12/31/2014,Western New York,12741
01/31/2015,Capital,5600
01/31/2015,Central New York,4753
01/31/2015,Finger Lakes,7152
01/31/2015,Hudson Valley,9834
01/31/2015,Long Island,14958
01/31/2015,Mohawk Valley,3347
01/31/2015,New York City,41729
01/31/2015,North Country,3047
01/31/2015,Southern Tier,3742
01/31/2015,Western New York,10469
02/28/2015,Capital,4827
02/28/2015,Central New York,3788
02/28/2015,Finger Lakes,6684
02/28/2015,Hudson Valley,8923
02/28/2015,Long Island,16274
02/28/2015,Mohawk Valley,2751
02/28/2015,New York City,37898
02/28/2015,North Country,2347
02/28/2015,Southern Tier,2903
02/28/2015,Western New York,9240
03/31/2015,Capital,4096
03/31/2015,Central New York,3619
03/31/2015,Finger Lakes,5427
03/31/2015,Hudson Valley,7090
03/31/2015,Long Island,9593
03/31/2015,Mohawk Valley,2540
03/31/2015,New York City,30639
03/31/2015,North Country,2489
03/31/2015,Southern Tier,2780
03/31/2015,Western New York,6933
04/30/2015,Capital,4007
04/30/2015,Central New York,3552
04/30/2015,Finger Lakes,5624
04/30/2015,Hudson Valley,8502
04/30/2015,Long Island,13620
04/30/2015,Mohawk Valley,2356
04/30/2015,New York City,39447
04/30/2015,North Country,2215
04/30/2015,Southern Tier,2484
04/30/2015,Western New York,8183
05/31/2015,Capital,3264
05/31/2015,Central New York,3054
05/31/2015,Finger Lakes,4343
05/31/2015,Hudson Valley,5940
05/31/2015,Long Island,7849
05/31/2015,Mohawk Valley,1866
05/31/2015,New York City,28563
05/31/2015,North Country,1919
05/31/2015,Southern Tier,2566
05/31/2015,Western New York,5444
06/30/2015,Capital,3724
06/30/2015,Central New York,3206
06/30/2015,Finger Lakes,4920
06/30/2015,Hudson Valley,7114
06/30/2015,Long Island,9239
06/30/2015,Mohawk Valley,1824
06/30/2015,New York City,30088
06/30/2015,North Country,1874
06/30/2015,Southern Tier,2281
06/30/2015,Western New York,6475
07/31/2015,Capital,3921
07/31/2015,Central New York,3035
07/31/2015,Finger Lakes,4947
07/31/2015,Hudson Valley,8959
07/31/2015,Long Island,13845
07/31/2015,Mohawk Valley,2308
07/31/2015,New York City,40912
07/31/2015,North Country,1669
07/31/2015,Southern Tier,2659
07/31/2015,Western New York,7897
08/31/2015,Capital,3335
08/31/2015,Central New York,2779
08/31/2015,Finger Lakes,4151
08/31/2015,Hudson Valley,7066
08/31/2015,Long Island,10184
08/31/2015,Mohawk Valley,1644
08/31/2015,New York City,33714
08/31/2015,North Country,1654
08/31/2015,Southern Tier,2024
08/31/2015,Western New York,5963
09/30/2015,Capital,2953
09/30/2015,Central New York,2655
09/30/2015,Finger Lakes,3875
09/30/2015,Hudson Valley,6161
09/30/2015,Long Island,8962
09/30/2015,Mohawk Valley,1772
09/30/2015,New York City,27917
09/30/2015,North Country,1459
09/30/2015,Southern Tier,2150
09/30/2015,Western New York,5443
10/31/2015,Capital,3440
10/31/2015,Central New York,3115
10/31/2015,Finger Lakes,4511
10/31/2015,Hudson Valley,5620
10/31/2015,Long Island,8482
10/31/2015,Mohawk Valley,2223
10/31/2015,New York City,27609
10/31/2015,North Country,2525
10/31/2015,Southern Tier,2383
10/31/2015,Western New York,6069
11/30/2015,Capital,5195
11/30/2015,Central New York,5087
11/30/2015,Finger Lakes,7529
11/30/2015,Hudson Valley,8104
11/30/2015,Long Island,11471
11/30/2015,Mohawk Valley,3309
11/30/2015,New York City,28888
11/30/2015,North Country,3778
11/30/2015,Southern Tier,3846
11/30/2015,Western New York,9836
12/31/2015,Capital,6161
12/31/2015,Central New York,5347
12/31/2015,Finger Lakes,8307
12/31/2015,Hudson Valley,10590
12/31/2015,Long Island,13898
12/31/2015,Mohawk Valley,3620
12/31/2015,New York City,31169
12/31/2015,North Country,3660
12/31/2015,Southern Tier,4058
12/31/2015,Western New York,11092
01/31/2016,Capital,5788
01/31/2016,Central New York,4981
01/31/2016,Finger Lakes,7127
01/31/2016,Hudson Valley,10238
01/31/2016,Long Island,16206
01/31/2016,Mohawk Valley,3546
01/31/2016,New York City,41771
01/31/2016,North Country,3079
01/31/2016,Southern Tier,3832
01/31/2016,Western New York,10383
02/29/2016,Capital,4533
02/29/2016,Central New York,3748
02/29/2016,Finger Lakes,6139
02/29/2016,Hudson Valley,8059
02/29/2016,Long Island,13709
02/29/2016,Mohawk Valley,2541
02/29/2016,New York City,36922
02/29/2016,North Country,2331
02/29/2016,Southern Tier,2671
02/29/2016,Western New York,8287
03/31/2016,Capital,3690
03/31/2016,Central New York,2967
03/31/2016,Finger Lakes,4692
03/31/2016,Hudson Valley,7848
03/31/2016,Long Island,8333
03/31/2016,Mohawk Valley,2069
03/31/2016,New York City,27235
03/31/2016,North Country,2108
03/31/2016,Southern Tier,2561
03/31/2016,Western New York,8307
04/30/2016,Capital,3301
04/30/2016,Central New York,2805
04/30/2016,Finger Lakes,5217
04/30/2016,Hudson Valley,6363
04/30/2016,Long Island,7836
04/30/2016,Mohawk Valley,1696
04/30/2016,New York City,27103
04/30/2016,North Country,1921
04/30/2016,Southern Tier,2383
04/30/2016,Western New York,5914
05/31/2016,Capital,4350
05/31/2016,Central New York,3598
05/31/2016,Finger Lakes,4479
05/31/2016,Hudson Valley,7119
05/31/2016,Long Island,12847
05/31/2016,Mohawk Valley,2524
05/31/2016,New York City,39641
05/31/2016,North Country,2075
05/31/2016,Southern Tier,2581
05/31/2016,Western New York,5892
06/30/2016,Capital,3302
06/30/2016,Central New York,2949
06/30/2016,Finger Lakes,5094
06/30/2016,Hudson Valley,6828
06/30/2016,Long Island,8505
06/30/2016,Mohawk Valley,1608
06/30/2016,New York City,28041
06/30/2016,North Country,1657
06/30/2016,Southern Tier,2366
06/30/2016,Western New York,6381
07/31/2016,Capital,3595
07/31/2016,Central New York,2986
07/31/2016,Finger Lakes,4944
07/31/2016,Hudson Valley,8610
07/31/2016,Long Island,12223
07/31/2016,Mohawk Valley,1908
07/31/2016,New York City,38579
07/31/2016,North Country,1490
07/31/2016,Southern Tier,1936
07/31/2016,Western New York,7157
08/31/2016,Capital,2844
08/31/2016,Central New York,2645
08/31/2016,Finger Lakes,4121
08/31/2016,Hudson Valley,6579
08/31/2016,Long Island,9052
08/31/2016,Mohawk Valley,1533
08/31/2016,New York City,32127
08/31/2016,North Country,1412
08/31/2016,Southern Tier,1774
08/31/2016,Western New York,5801
09/30/2016,Capital,2552
09/30/2016,Central New York,2256
09/30/2016,Finger Lakes,3612
09/30/2016,Hudson Valley,4645
09/30/2016,Long Island,6428
09/30/2016,Mohawk Valley,1353
09/30/2016,New York City,25105
09/30/2016,North Country,1221
09/30/2016,Southern Tier,1749
09/30/2016,Western New York,4741
10/31/2016,Capital,3278
10/31/2016,Central New York,3144
10/31/2016,Finger Lakes,4705
10/31/2016,Hudson Valley,6355
10/31/2016,Long Island,9042
10/31/2016,Mohawk Valley,1966
10/31/2016,New York City,28005
10/31/2016,North Country,2404
10/31/2016,Southern Tier,2324
10/31/2016,Western New York,6472
11/30/2016,Capital,5327
11/30/2016,Central New York,5246
11/30/2016,Finger Lakes,7486
11/30/2016,Hudson Valley,7776
11/30/2016,Long Island,9937
11/30/2016,Mohawk Valley,3317
11/30/2016,New York City,25958
11/30/2016,North Country,3421
11/30/2016,Southern Tier,3755
11/30/2016,Western New York,9056
12/31/2016,Capital,5868
12/31/2016,Central New York,4358
12/31/2016,Finger Lakes,6891
12/31/2016,Hudson Valley,8129
12/31/2016,Long Island,10193
12/31/2016,Mohawk Valley,3222
12/31/2016,New York City,26476
12/31/2016,North Country,2826
12/31/2016,Southern Tier,3776
12/31/2016,Western New York,9111
01/31/2017,Capital,6203
01/31/2017,Central New York,4929
01/31/2017,Finger Lakes,7813
01/31/2017,Hudson Valley,11113
01/31/2017,Long Island,16920
01/31/2017,Mohawk Valley,3320
01/31/2017,New York City,42913
01/31/2017,North Country,3004
01/31/2017,Southern Tier,3647
01/31/2017,Western New York,11349
02/28/2017,Capital,4019
02/28/2017,Central New York,3200
02/28/2017,Finger Lakes,5282
02/28/2017,Hudson Valley,7038
02/28/2017,Long Island,12682
02/28/2017,Mohawk Valley,1957
02/28/2017,New York City,32360
02/28/2017,North Country,1794
02/28/2017,Southern Tier,2155
02/28/2017,Western New York,7085
03/31/2017,Capital,3749
03/31/2017,Central New York,2951
03/31/2017,Finger Lakes,5594
03/31/2017,Hudson Valley,6900
03/31/2017,Long Island,8238
03/31/2017,Mohawk Valley,2297
03/31/2017,New York City,26995
03/31/2017,North Country,1884
03/31/2017,Southern Tier,2449
03/31/2017,Western New York,7073
04/30/2017,Capital,3487
04/30/2017,Central New York,2943
04/30/2017,Finger Lakes,4779
04/30/2017,Hudson Valley,7866
04/30/2017,Long Island,11750
04/30/2017,Mohawk Valley,1842
04/30/2017,New York City,37213
04/30/2017,North Country,1684
04/30/2017,Southern Tier,2139
04/30/2017,Western New York,7033
05/31/2017,Capital,3065
05/31/2017,Central New York,2799
05/31/2017,Finger Lakes,4305
05/31/2017,Hudson Valley,5886
05/31/2017,Long Island,7754
05/31/2017,Mohawk Valley,1806
05/31/2017,New York City,28764
05/31/2017,North Country,1594
05/31/2017,Southern Tier,2115
05/31/2017,Western New York,5822
06/30/2017,Capital,2957
06/30/2017,Central New York,2611
06/30/2017,Finger Lakes,3883
06/30/2017,Hudson Valley,6172
06/30/2017,Long Island,8318
06/30/2017,Mohawk Valley,1567
06/30/2017,New York City,27988
06/30/2017,North Country,1255
06/30/2017,Southern Tier,1951
06/30/2017,Western New York,5326
07/31/2017,Capital,3439
07/31/2017,Central New York,2900
07/31/2017,Finger Lakes,5222
07/31/2017,Hudson Valley,8642
07/31/2017,Long Island,13046
07/31/2017,Mohawk Valley,1947
07/31/2017,New York City,38561
07/31/2017,North Country,1498
07/31/2017,Southern Tier,1781
07/31/2017,Western New York,7126
08/31/2017,Capital,2715
08/31/2017,Central New York,2303
08/31/2017,Finger Lakes,3937
08/31/2017,Hudson Valley,6621
08/31/2017,Long Island,9108
08/31/2017,Mohawk Valley,1327
08/31/2017,New York City,31526
08/31/2017,North Country,1041
08/31/2017,Southern Tier,1539
08/31/2017,Western New York,6009
09/30/2017,Capital,2320
09/30/2017,Central New York,2159
09/30/2017,Finger Lakes,3108
09/30/2017,Hudson Valley,5355
09/30/2017,Long Island,7562
09/30/2017,Mohawk Valley,1297
09/30/2017,New York City,25434
09/30/2017,North Country,1060
09/30/2017,Southern Tier,1389
09/30/2017,Western New York,4106
10/31/2017,Capital,3112
10/31/2017,Central New York,2690
10/31/2017,Finger Lakes,4432
10/31/2017,Hudson Valley,5408
10/31/2017,Long Island,8000
10/31/2017,Mohawk Valley,2020
10/31/2017,New York City,26319
10/31/2017,North Country,1973
10/31/2017,Southern Tier,2162
10/31/2017,Western New York,5628
11/30/2017,Capital,4507
11/30/2017,Central New York,4587
11/30/2017,Finger Lakes,6765
11/30/2017,Hudson Valley,7267
11/30/2017,Long Island,9553
11/30/2017,Mohawk Valley,3515
11/30/2017,New York City,24917
11/30/2017,North Country,3035
11/30/2017,Southern Tier,3335
11/30/2017,Western New York,8698
12/31/2017,Capital,5851
12/31/2017,Central New York,5063
12/31/2017,Finger Lakes,7960
12/31/2017,Hudson Valley,9664
12/31/2017,Long Island,13637
12/31/2017,Mohawk Valley,3975
12/31/2017,New York City,31459
12/31/2017,North Country,3109
12/31/2017,Southern Tier,3786
12/31/2017,Western New York,10533
01/31/2018,Capital,5473
01/31/2018,Central New York,4204
01/31/2018,Finger Lakes,6812
01/31/2018,Hudson Valley,9959
01/31/2018,Long Island,15117
01/31/2018,Mohawk Valley,3733
01/31/2018,New York City,35751
01/31/2018,North Country,2513
01/31/2018,Southern Tier,3374
01/31/2018,Western New York,8553
02/28/2018,Capital,3607
02/28/2018,Central New York,2967
02/28/2018,Finger Lakes,5152
02/28/2018,Hudson Valley,6536
02/28/2018,Long Island,11391
02/28/2018,Mohawk Valley,2187
02/28/2018,New York City,30828
02/28/2018,North Country,1699
02/28/2018,Southern Tier,1877
02/28/2018,Western New York,6841
03/31/2018,Capital,3000
03/31/2018,Central New York,2599
03/31/2018,Finger Lakes,4093
03/31/2018,Hudson Valley,6000
03/31/2018,Long Island,7099
03/31/2018,Mohawk Valley,1715
03/31/2018,New York City,22704
03/31/2018,North Country,1699
03/31/2018,Southern Tier,2000
03/31/2018,Western New York,4894
04/30/2018,Capital,3527
04/30/2018,Central New York,2650
04/30/2018,Finger Lakes,4997
04/30/2018,Hudson Valley,7330
04/30/2018,Long Island,10951
04/30/2018,Mohawk Valley,1895
04/30/2018,New York City,35374
04/30/2018,North Country,1699
04/30/2018,Southern Tier,2242
04/30/2018,Western New York,7162
05/31/2018,Capital,2662
05/31/2018,Central New York,2543
05/31/2018,Finger Lakes,3445
05/31/2018,Hudson Valley,4779
05/31/2018,Long Island,6054
05/31/2018,Mohawk Valley,1542
05/31/2018,New York City,23676
05/31/2018,North Country,1316
05/31/2018,Southern Tier,1867
05/31/2018,Western New York,4469
06/30/2018,Capital,2494
06/30/2018,Central New York,2200
06/30/2018,Finger Lakes,3439
06/30/2018,Hudson Valley,5265
06/30/2018,Long Island,6936
06/30/2018,Mohawk Valley,1421
06/30/2018,New York City,23759
06/30/2018,North Country,1140
06/30/2018,Southern Tier,1674
06/30/2018,Western New York,4834
07/31/2018,Capital,3323
07/31/2018,Central New York,2672
07/31/2018,Finger Lakes,4859
07/31/2018,Hudson Valley,8311
07/31/2018,Long Island,11982
07/31/2018,Mohawk Valley,2407
07/31/2018,New York City,36889
07/31/2018,North Country,1458
07/31/2018,Southern Tier,1944
07/31/2018,Western New York,6490
08/31/2018,Capital,2686
08/31/2018,Central New York,1914
08/31/2018,Finger Lakes,3350
08/31/2018,Hudson Valley,5909
08/31/2018,Long Island,7761
08/31/2018,Mohawk Valley,1270
08/31/2018,New York City,28141
08/31/2018,North Country,1062
08/31/2018,Southern Tier,1359
08/31/2018,Western New York,4561
09/30/2018,Capital,2368
09/30/2018,Central New York,1802
09/30/2018,Finger Lakes,3042
09/30/2018,Hudson Valley,4414
09/30/2018,Long Island,5799
09/30/2018,Mohawk Valley,1186
09/30/2018,New York City,22328
09/30/2018,North Country,930
09/30/2018,Southern Tier,1405
09/30/2018,Western New York,3671
10/31/2018,Capital,2822
10/31/2018,Central New York,2781
10/31/2018,Finger Lakes,4006
10/31/2018,Hudson Valley,4420
10/31/2018,Long Island,6218
10/31/2018,Mohawk Valley,1632
10/31/2018,New York City,23316
10/31/2018,North Country,1914
10/31/2018,Southern Tier,1787
10/31/2018,Western New York,5534
11/30/2018,Capital,4674
11/30/2018,Central New York,4687
11/30/2018,Finger Lakes,6990
11/30/2018,Hudson Valley,6470
11/30/2018,Long Island,8130
11/30/2018,Mohawk Valley,3174
11/30/2018,New York City,22991
11/30/2018,North Country,2988
11/30/2018,Southern Tier,3268
11/30/2018,Western New York,8792
12/31/2018,Capital,5494
12/31/2018,Central New York,4752
12/31/2018,Finger Lakes,7465
12/31/2018,Hudson Valley,9305
12/31/2018,Long Island,13725
12/31/2018,Mohawk Valley,3636
12/31/2018,New York City,31591
12/31/2018,North Country,3012
12/31/2018,Southern Tier,3547
12/31/2018,Western New York,10220
01/31/2019,Capital,4567
01/31/2019,Central New York,3699
01/31/2019,Finger Lakes,5921
01/31/2019,Hudson Valley,7882
01/31/2019,Long Island,12734
01/31/2019,Mohawk Valley,2458
01/31/2019,New York City,31444
01/31/2019,North Country,2281
01/31/2019,Southern Tier,2899
01/31/2019,Western New York,7715
02/28/2019,Capital,3500
02/28/2019,Central New York,2928
02/28/2019,Finger Lakes,5640
02/28/2019,Hudson Valley,6290
02/28/2019,Long Island,11000
02/28/2019,Mohawk Valley,1931
02/28/2019,New York City,29638
02/28/2019,North Country,1609
02/28/2019,Southern Tier,1916
02/28/2019,Western New York,7644
03/31/2019,Capital,2884
03/31/2019,Central New York,2543
03/31/2019,Finger Lakes,3862
03/31/2019,Hudson Valley,5013
03/31/2019,Long Island,6186
03/31/2019,Mohawk Valley,1592
03/31/2019,New York City,22505
03/31/2019,North Country,1688
03/31/2019,Southern Tier,1935
03/31/2019,Western New York,4848
04/30/2019,Capital,3217
04/30/2019,Central New York,2681
04/30/2019,Finger Lakes,4297
04/30/2019,Hudson Valley,6839
04/30/2019,Long Island,10939
04/30/2019,Mohawk Valley,1678
04/30/2019,New York City,32201
04/30/2019,North Country,1515
04/30/2019,Southern Tier,1665
04/30/2019,Western New York,6352
05/31/2019,Capital,2637
05/31/2019,Central New York,2261
05/31/2019,Finger Lakes,3485
05/31/2019,Hudson Valley,4856
05/31/2019,Long Island,6317
05/31/2019,Mohawk Valley,1538
05/31/2019,New York City,23741
05/31/2019,North Country,1394
05/31/2019,Southern Tier,1815
05/31/2019,Western New York,4590
06/30/2019,Capital,2825
06/30/2019,Central New York,2265
06/30/2019,Finger Lakes,4297
06/30/2019,Hudson Valley,5975
06/30/2019,Long Island,7625
06/30/2019,Mohawk Valley,1887
06/30/2019,New York City,25893
06/30/2019,North Country,1363
06/30/2019,Southern Tier,1612
06/30/2019,Western New York,5485
07/31/2019,Capital,2857
07/31/2019,Central New York,2306
07/31/2019,Finger Lakes,4216
07/31/2019,Hudson Valley,7009
07/31/2019,Long Island,10139
07/31/2019,Mohawk Valley,1720
07/31/2019,New York City,32303
07/31/2019,North Country,1451
07/31/2019,Southern Tier,1713
07/31/2019,Western New York,5549
08/31/2019,Capital,2273
08/31/2019,Central New York,1808
08/31/2019,Finger Lakes,3328
08/31/2019,Hudson Valley,5427
08/31/2019,Long Island,7248
08/31/2019,Mohawk Valley,1221
08/31/2019,New York City,27943
08/31/2019,North Country,1008
08/31/2019,Southern Tier,1191
08/31/2019,Western New York,4066
09/30/2019,Capital,2202
09/30/2019,Central New York,1939
09/30/2019,Finger Lakes,3136
09/30/2019,Hudson Valley,4432
09/30/2019,Long Island,5740
09/30/2019,Mohawk Valley,1157
09/30/2019,New York City,23116
09/30/2019,North Country,1103
09/30/2019,Southern Tier,1329
09/30/2019,Western New York,3764
10/31/2019,Capital,2649
10/31/2019,Central New York,2268
10/31/2019,Finger Lakes,4031
10/31/2019,Hudson Valley,5136
10/31/2019,Long Island,7180
10/31/2019,Mohawk Valley,1659
10/31/2019,New York City,24002
10/31/2019,North Country,1859
10/31/2019,Southern Tier,1705
10/31/2019,Western New York,5089
11/30/2019,Capital,3752
11/30/2019,Central New York,3684
11/30/2019,Finger Lakes,5747
11/30/2019,Hudson Valley,5227
11/30/2019,Long Island,7282
11/30/2019,Mohawk Valley,2383
11/30/2019,New York City,21636
11/30/2019,North Country,2511
11/30/2019,Southern Tier,2700
11/30/2019,Western New York,7686
12/31/2019,Capital,6472
12/31/2019,Central New York,5641
12/31/2019,Finger Lakes,9104
12/31/2019,Hudson Valley,11645
12/31/2019,Long Island,16452
12/31/2019,Mohawk Valley,4112
12/31/2019,New York City,36279
12/31/2019,North Country,3546
12/31/2019,Southern Tier,4110
12/31/2019,Western New York,11792
01/31/2020,Capital,3961
01/31/2020,Central New York,3555
01/31/2020,Finger Lakes,5365
01/31/2020,Hudson Valley,7461
01/31/2020,Long Island,11537
01/31/2020,Mohawk Valley,2466
01/31/2020,New York City,29456
01/31/2020,North Country,2007
01/31/2020,Southern Tier,2640
01/31/2020,Western New York,7035
02/29/2020,Capital,3386
02/29/2020,Central New York,2838
02/29/2020,Finger Lakes,4904
02/29/2020,Hudson Valley,6484
02/29/2020,Long Island,11300
02/29/2020,Mohawk Valley,1861
02/29/2020,New York City,30583
02/29/2020,North Country,1496
02/29/2020,Southern Tier,2077
02/29/2020,Western New York,6799
03/31/2020,Capital,33690
03/31/2020,Central New York,28382
03/31/2020,Finger Lakes,44067
03/31/2020,Hudson Valley,63737
03/31/2020,Long Island,97762
03/31/2020,Mohawk Valley,15053
03/31/2020,New York City,284529
03/31/2020,North Country,12235
03/31/2020,Southern Tier,19099
03/31/2020,Western New York,63992
04/30/2020,Capital,45759
04/30/2020,Central New York,39900
04/30/2020,Finger Lakes,53359
04/30/2020,Hudson Valley,108418
04/30/2020,Long Island,171003
04/30/2020,Mohawk Valley,20682
04/30/2020,New York City,576818
04/30/2020,North Country,16200
04/30/2020,Southern Tier,25848
04/30/2020,Western New York,78938
05/31/2020,Capital,23601
05/31/2020,Central New York,18812
05/31/2020,Finger Lakes,31247
05/31/2020,Hudson Valley,53129
05/31/2020,Long Island,75516
05/31/2020,Mohawk Valley,10542
05/31/2020,New York City,282147
05/31/2020,North Country,7815
05/31/2020,Southern Tier,14790
05/31/2020,Western New York,37263
06/30/2020,Capital,14048
06/30/2020,Central New York,11536
06/30/2020,Finger Lakes,21544
06/30/2020,Hudson Valley,29837
06/30/2020,Long Island,39223
06/30/2020,Mohawk Valley,6230
06/30/2020,New York City,146583
06/30/2020,North Country,4622
06/30/2020,Southern Tier,8587
06/30/2020,Western New York,21970
07/31/2020,Capital,11557
07/31/2020,Central New York,10346
07/31/2020,Finger Lakes,18483
07/31/2020,Hudson Valley,28248
07/31/2020,Long Island,34184
07/31/2020,Mohawk Valley,6102
07/31/2020,New York City,146580
07/31/2020,North Country,3743
07/31/2020,Southern Tier,6775
07/31/2020,Western New York,19125
08/31/2020,Capital,7292
08/31/2020,Central New York,6351
08/31/2020,Finger Lakes,10718
08/31/2020,Hudson Valley,18133
08/31/2020,Long Island,22331
08/31/2020,Mohawk Valley,4031
08/31/2020,New York City,94684
08/31/2020,North Country,2614
08/31/2020,Southern Tier,4515
08/31/2020,Western New York,12243
09/30/2020,Capital,7438
09/30/2020,Central New York,5620
09/30/2020,Finger Lakes,9789
09/30/2020,Hudson Valley,17241
09/30/2020,Long Island,20235
09/30/2020,Mohawk Valley,3372
09/30/2020,New York City,117170
09/30/2020,North Country,2355
09/30/2020,Southern Tier,4205
09/30/2020,Western New York,11608
10/31/2020,Capital,6711
10/31/2020,Central New York,5543
10/31/2020,Finger Lakes,8926
10/31/2020,Hudson Valley,14927
10/31/2020,Long Island,17301
10/31/2020,Mohawk Valley,3578
10/31/2020,New York City,100734
10/31/2020,North Country,2571
10/31/2020,Southern Tier,4194
10/31/2020,Western New York,11227
11/30/2020,Capital,8388
11/30/2020,Central New York,7841
11/30/2020,Finger Lakes,12038
11/30/2020,Hudson Valley,15487
11/30/2020,Long Island,18893
11/30/2020,Mohawk Valley,4455
11/30/2020,New York City,74857
11/30/2020,North Country,4312
11/30/2020,Southern Tier,5490
11/30/2020,Western New York,18655
12/31/2020,Capital,10172
12/31/2020,Central New York,8750
12/31/2020,Finger Lakes,13087
12/31/2020,Hudson Valley,19464
12/31/2020,Long Island,24944
12/31/2020,Mohawk Valley,5489
12/31/2020,New York City,84695
12/31/2020,North Country,4286
12/31/2020,Southern Tier,5956
12/31/2020,Western New York,17039
